7.9_raw.csv_filtered_by_correlation15_SNR20_all_replacement_strategy_1,2022-11-26 23:05:48.265029
7.9_raw.csv_filtered_by_correlation15_SNR20_individual_replacement_strategy_1,2022-11-26 23:05:48.314918
7.6_raw.csv_filtered_by_correlation15_SNR20_all_replacement_strategy_1,2022-11-26 23:05:48.384736
7.6_raw.csv_filtered_by_correlation15_SNR20_individual_replacement_strategy_1,2022-11-26 23:05:48.446432
7.2_raw.csv_filtered_by_correlation15_SNR20_all_replacement_strategy_1,2022-11-26 23:05:48.520265
7.2_raw.csv_filtered_by_correlation15_SNR20_individual_replacement_strategy_1,2022-11-26 23:05:48.572108
Complete Duration,0:00:59.175967
Complete Duration,0:00:00.080360
Complete Duration,0:00:00.035588
7.9_raw.csv_filtered_by_correlation0.0_all_replacement_strategy_0,2022-11-30 06:30:48.945942
7.9_raw.csv_filtered_by_correlation0.0_individual_replacement_strategy_0,2022-11-30 06:30:49.023962
7.6_raw.csv_filtered_by_correlation0.0_all_replacement_strategy_0,2022-11-30 06:30:49.102088
7.6_raw.csv_filtered_by_correlation0.0_individual_replacement_strategy_0,2022-11-30 06:30:49.184113
7.2_raw.csv_filtered_by_correlation0.0_all_replacement_strategy_0,2022-11-30 06:30:49.293518
7.2_raw.csv_filtered_by_correlation0.0_individual_replacement_strategy_0,2022-11-30 06:30:49.368350
Complete Duration,0:00:00.576440
Complete Duration,0:00:00.122004
Complete Duration,0:00:00.062850
